{"cameraMode":{"drawMode":0,"name":"Shaded","section":"Shading Mode"},"sceneLighting":true,"audioPlay":false,"sceneViewState":{"showFog":true,"showMaterialUpdate":false,"showSkybox":true,"showFlares":true,"showImageEffects":true,"showParticleSystems":true},"in2DMode":false,"pivot":{"x":1.9347410202026368,"y":1.3440861701965333,"z":-2.65214204788208},"rotation":{"x":-0.0756201446056366,"y":0.910155177116394,"z":-0.19143374264240266,"w":-0.3595220744609833},"size":15.11668586730957,"orthographic":false}